Pregnancies,Glucose,BloodPressure,SkinThickness,Insulin,BMI,DiabetesPedigreeFunction,Age
0,125,79,23,57,34.9,0.399,27
2,157,74,30,90,37.7,0.591,25
1,95,62,25,131,35.4,1.221,46
0,122,59,27,153,37.7,0.286,34
4,150,81,20,115,32.2,0.412,33
2,84,72,26,303,28.7,0.612,50
0,143,52,29,132,29.5,0.881,18
3,134,86,15,251,42.0,0.39,27
3,154,98,8,79,30.6,0.382,54
2,134,95,17,175,27.4,0.394,37
3,108,61,29,135,27.7,0.536,25
1,115,60,20,153,29.2,0.159,29
2,50,70,14,258,44.5,0.552,37
1,130,52,31,146,47.3,0.267,25
3,150,61,29,153,36.3,0.827,29
6,82,68,23,104,28.1,0.564,51
1,121,97,20,162,31.3,0.231,30
1,150,89,30,61,43.2,0.459,23
6,107,85,20,67,36.1,0.357,18
3,114,95,30,208,36.6,0.213,47
3,130,68,25,158,25.8,0.287,25
2,133,94,24,106,23.7,0.577,18
4,161,72,33,98,39.0,0.249,27
3,50,66,30,83,35.2,0.221,28
2,130,93,23,92,28.0,0.565,48
1,143,67,33,253,20.8,0.679,32
4,141,83,35,76,28.4,0.628,43
4,169,99,22,83,23.0,0.583,18
1,86,88,40,233,24.3,0.476,31
0,65,69,27,83,38.0,0.449,32
3,110,84,29,133,36.3,0.503,37
1,139,68,33,37,45.6,0.539,23
2,132,60,5,64,34.6,0.157,22
2,129,82,28,55,21.1,0.146,30
3,120,65,18,62,26.7,0.897,21
2,140,64,33,68,38.1,1.157,44
0,144,88,23,115,35.2,0.458,46
3,93,69,22,79,29.2,0.182,24
2,127,81,22,45,23.5,0.33,30
1,103,71,23,243,24.3,0.648,35
3,118,89,26,109,29.7,0.726,29
6,182,78,5,46,27.5,0.446,32
3,136,67,27,40,26.7,0.358,30
3,159,92,23,26,36.7,0.211,49
4,131,63,10,117,32.5,0.385,26
0,124,72,23,196,24.9,0.436,18
4,69,70,24,240,36.4,1.006,18
2,114,74,18,100,36.3,1.193,23
4,95,70,35,133,38.7,0.443,42
4,93,76,25,83,41.2,0.686,31
2,127,104,21,85,28.8,0.681,25
3,171,71,31,71,20.8,0.449,32
1,189,81,31,103,23.9,0.41,35
0,130,57,29,39,23.3,0.501,24
1,136,66,24,75,31.1,0.191,20
0,147,71,19,51,29.9,0.244,23
3,158,57,22,103,34.7,0.451,21
3,120,60,29,53,29.4,0.39,58
1,130,57,19,32,32.3,0.754,35
3,113,57,29,125,37.1,0.489,38
6,100,57,22,63,30.5,0.329,40
1,161,61,35,60,31.0,0.426,38
0,85,67,15,48,28.5,0.413,41
3,78,75,20,92,34.8,0.518,30
5,85,91,18,27,30.0,0.74,43
6,57,55,22,212,20.1,0.513,41
1,129,91,19,169,30.5,0.639,29
1,82,94,23,284,30.1,0.355,33
3,71,74,21,67,29.1,0.362,31
2,109,71,26,133,28.2,0.313,49
3,98,95,28,60,31.1,0.734,31
4,161,78,23,55,29.2,0.468,20
1,102,70,22,244,38.8,0.403,18
3,179,53,35,106,30.6,0.784,18
3,97,63,18,119,44.6,1.027,33
3,137,62,35,102,31.9,0.497,30
1,84,91,21,85,27.0,0.176,18
4,75,68,15,63,26.7,0.484,37
2,112,58,33,303,35.1,0.514,21
0,125,59,30,61,26.5,0.328,29
3,147,52,23,94,26.4,0.458,25
4,154,71,23,265,31.5,0.759,20
1,104,85,27,172,28.2,0.427,40
3,138,74,24,67,30.2,0.291,43
4,143,72,35,77,30.7,0.63,34
2,142,71,33,75,33.1,1.016,45
1,197,59,30,80,32.0,0.8,26
5,179,88,21,49,24.5,0.438,31
2,128,78,22,61,34.7,0.998,36
1,158,66,14,25,35.0,0.411,30
4,93,69,18,63,30.0,0.651,37
5,96,67,30,115,33.6,0.19,45
2,87,58,23,178,24.8,0.334,18
5,147,79,35,82,31.8,0.763,30
0,88,101,20,39,32.8,0.943,24
3,118,67,21,56,26.4,0.464,38
0,127,91,36,116,35.2,0.627,40
2,102,78,20,72,27.8,0.4,21
2,123,70,25,92,25.6,0.939,50
1,131,86,23,34,48.9,0.287,22
2,124,66,10,119,17.4,0.333,43
4,129,65,41,149,31.8,0.637,35
2,148,82,20,295,46.0,0.364,33
6,94,73,21,74,31.4,0.286,26
5,130,77,17,41,37.2,0.407,34
5,139,74,31,92,37.6,0.471,23
0,131,71,28,127,30.3,0.264,36
2,130,66,23,118,32.2,0.611,18
1,112,79,28,118,30.9,0.546,53
6,98,77,30,207,35.8,0.217,32
2,102,85,21,119,21.9,0.528,32
2,187,70,22,125,34.9,0.201,35
2,169,81,28,323,29.5,0.664,37
2,136,69,25,113,35.8,0.696,30
0,116,75,31,66,29.3,0.792,31
2,144,75,15,36,34.6,0.285,45
2,97,68,22,104,40.6,0.75,39
0,111,55,37,61,29.1,0.27,33
3,152,52,17,60,18.8,0.451,30
2,121,84,15,141,26.4,0.407,46
2,100,65,35,36,31.5,0.238,43
4,91,82,32,101,27.2,0.393,26
2,124,58,18,65,38.2,0.694,34
2,172,57,30,104,25.4,0.192,43
4,50,66,21,41,28.2,0.422,28
3,93,80,21,225,23.3,0.516,24
1,143,84,17,59,29.7,0.424,39
7,129,86,21,125,28.6,0.381,18
4,135,62,25,77,28.0,0.17,33
6,137,69,34,196,30.8,0.737,34
3,123,64,15,74,27.4,1.28,30
2,103,61,8,114,33.2,0.545,33
5,126,64,30,90,30.8,0.185,45
2,158,91,31,142,29.2,0.19,22
1,105,69,29,162,36.3,0.496,40
5,162,66,5,53,34.1,0.269,35
0,116,99,38,129,25.8,1.03,22
3,133,66,19,106,31.0,0.298,44
4,100,76,30,91,38.5,0.246,29
3,123,57,36,95,25.8,0.735,33
3,183,80,14,29,29.6,0.22,44
1,103,69,27,134,37.9,0.996,31
3,135,72,9,131,24.2,0.557,28
2,101,77,16,28,32.9,0.203,24
3,106,70,19,45,26.8,0.457,28
4,111,89,31,184,30.9,0.477,63
2,107,60,38,53,30.5,0.386,34
3,95,77,43,49,40.5,1.094,41
1,85,61,18,84,27.3,0.515,18
0,140,67,32,26,27.8,0.552,43
7,155,68,33,40,30.7,0.479,18
3,76,92,23,117,26.0,0.35,25
2,109,48,10,99,37.9,0.642,37
3,103,67,29,76,37.1,0.227,52
2,156,63,27,137,25.0,0.275,48
3,88,63,29,142,33.6,0.438,23
2,128,77,30,38,21.9,0.339,33
3,148,78,20,90,29.4,0.433,26
3,142,74,24,97,36.0,0.619,35
3,164,65,22,69,40.5,0.873,33
6,106,71,21,97,34.3,0.581,25
3,155,71,49,51,31.7,0.645,47
5,113,79,26,48,29.8,0.508,30
3,94,83,19,68,18.7,0.595,24
2,110,59,33,129,24.3,0.324,35
4,84,62,18,23,36.0,0.125,45
2,109,65,25,183,17.3,0.605,49
2,71,90,25,67,30.2,0.568,33
2,110,69,22,128,26.8,0.461,36
5,173,72,20,52,28.7,0.495,24
2,144,93,22,118,31.7,0.798,48
2,81,71,24,54,36.0,0.46,48
4,138,49,15,99,30.7,0.338,24
3,105,49,35,131,31.1,0.521,51
3,104,71,26,101,34.9,0.328,28
0,117,93,25,160,20.6,0.557,29
2,99,86,21,113,29.0,0.87,18
3,125,62,25,54,36.7,0.769,33
4,153,83,36,161,24.4,0.8,43
1,143,57,38,101,33.2,0.746,18
7,177,79,25,106,31.1,0.544,39
4,136,58,26,167,29.5,0.27,28
2,120,78,24,41,15.0,0.34,46
2,159,91,21,69,26.5,0.264,42
3,120,56,29,48,31.5,1.653,30
5,140,65,25,97,34.1,0.579,38
2,120,71,26,86,25.6,0.694,46
5,108,64,16,155,19.0,0.595,38
3,87,62,30,238,34.7,0.365,40
0,78,70,20,117,26.2,0.973,38
2,128,75,25,88,28.5,0.459,40
5,141,70,29,241,15.0,0.744,38
4,96,71,17,61,31.9,0.218,43
1,103,82,11,400,40.6,0.463,34
3,139,51,28,129,24.3,0.809,33
1,178,76,22,42,15.0,0.417,31
1,85,73,12,69,37.6,0.361,36
2,138,70,18,100,27.4,0.217,23
4,146,89,29,43,37.0,0.822,26
4,114,64,34,101,36.7,0.235,50
1,156,82,30,198,29.1,0.342,18
3,86,65,17,107,25.7,1.329,51
0,114,62,27,129,32.2,0.524,45
3,130,64,36,55,45.6,0.316,18
0,145,87,23,74,42.8,0.619,28
4,142,58,20,107,30.0,0.64,18
3,109,58,32,86,31.6,0.6,41
3,91,60,26,164,24.5,0.634,18
3,130,73,25,126,24.9,0.365,39
3,114,69,18,264,22.7,0.41,36
1,128,67,30,59,32.6,0.356,47
1,111,70,34,237,31.7,0.819,30
2,180,77,34,148,41.7,0.548,18
3,116,89,21,45,35.7,0.424,35
2,145,56,18,106,33.4,0.331,36
0,89,54,11,49,30.3,0.498,18
4,85,62,17,150,28.3,0.78,27
3,111,79,30,93,28.0,0.42,19
2,117,45,23,33,32.9,0.621,18
1,105,83,24,400,33.4,0.603,18
1,121,91,22,156,26.1,0.651,18
2,103,78,22,51,29.6,0.549,31
3,119,51,14,303,29.6,0.49,19
4,159,86,23,278,15.0,0.293,46
3,151,65,27,46,42.7,0.44,31
1,109,76,8,100,45.8,0.984,53
2,96,87,19,115,35.1,0.279,34
0,131,84,26,186,29.5,0.28,39
0,133,63,27,251,28.2,0.734,34
1,124,78,13,49,19.6,0.484,24
4,145,62,34,129,29.6,0.771,51
4,155,63,25,91,33.4,0.421,26
4,63,83,42,217,29.7,0.729,37
6,74,73,24,71,25.8,0.259,32
1,64,74,22,63,37.9,0.64,29
3,123,86,28,51,26.1,0.339,44
4,119,54,24,93,23.2,0.462,30
2,127,80,28,154,39.8,0.386,18
5,150,66,19,19,24.3,0.401,60
3,102,40,12,142,25.5,1.47,55
2,54,91,12,98,31.3,0.679,47
4,95,82,28,49,28.5,0.304,32
4,137,81,22,135,38.2,0.562,38
2,120,78,27,86,27.2,0.798,38
2,63,83,35,35,30.2,0.623,26
0,144,99,19,134,31.4,0.647,44
2,108,71,28,125,23.6,0.501,30
1,123,63,35,101,30.9,0.532,27
1,109,66,24,130,27.7,0.51,28
4,98,73,19,34,34.8,0.382,38
1,102,72,25,153,37.4,0.808,27
4,95,65,34,130,36.0,1.031,43
1,87,81,28,119,32.7,0.379,18
3,157,104,30,65,21.8,0.658,28
4,105,80,14,154,24.5,0.462,27
0,142,65,35,284,30.7,0.792,39
1,100,65,26,87,21.2,0.64,52
3,159,73,22,93,15.0,0.698,28
3,79,82,7,93,23.7,0.345,44
0,109,71,30,276,25.4,0.205,28
4,122,56,26,83,36.8,0.352,18
4,168,88,46,82,27.9,0.558,31
2,154,41,27,95,26.4,0.636,42
3,119,54,31,87,41.0,0.504,33
2,93,102,32,243,23.5,0.307,24
5,105,86,25,106,18.6,0.623,19
2,67,65,17,133,39.6,0.289,31
6,112,65,27,125,30.3,0.66,27
2,95,67,16,104,40.0,0.243,44
2,86,83,27,120,27.3,0.659,18
3,108,74,20,158,37.4,0.463,43
2,176,73,28,102,27.8,0.392,20
1,139,90,34,121,33.0,0.276,22
1,96,86,31,42,27.0,0.413,21
2,76,72,26,125,26.9,0.428,36
4,105,84,28,94,36.4,0.696,40
3,140,75,22,47,25.6,0.624,30
5,105,80,19,93,24.5,0.575,18
4,50,84,22,70,29.9,0.78,28
3,109,66,20,32,20.7,0.255,48
1,140,72,19,78,35.3,0.413,28
5,123,61,24,58,37.4,0.306,30
2,128,80,12,128,30.8,0.627,35
4,148,75,37,17,42.6,0.507,31
4,53,61,26,112,19.4,0.732,18
0,126,66,30,48,29.8,0.479,28
2,96,63,38,123,43.4,0.461,29
1,105,68,35,111,25.1,0.295,43
1,102,79,12,214,27.7,0.255,43
0,179,66,40,57,22.7,0.512,22
5,162,94,20,88,40.6,0.537,39
2,168,63,7,101,33.1,1.345,39
3,124,102,18,234,38.8,0.376,39
4,175,77,30,46,31.6,0.36,28
5,168,77,30,214,31.4,0.593,51
2,50,62,9,24,28.8,0.443,22
1,86,69,36,38,31.7,0.369,49
5,136,83,10,51,34.2,0.629,48
3,163,81,22,51,31.5,0.27,18
3,120,75,18,136,40.7,0.354,41
2,117,68,13,121,29.8,0.757,32
3,123,81,20,86,32.5,0.486,28
3,151,65,34,56,30.0,0.953,21
2,90,73,30,112,40.8,0.321,19
3,90,63,34,32,31.5,0.647,42
5,100,73,19,97,31.1,0.324,35
2,88,85,20,154,30.6,0.428,27
2,105,63,22,99,26.8,0.309,18
3,142,64,26,38,28.8,0.652,30
3,113,84,27,102,34.4,0.65,31
5,101,63,22,30,41.2,0.55,33
2,105,66,33,87,28.5,1.051,31
4,131,64,29,38,35.2,0.481,42
1,131,66,18,173,30.7,0.299,26
1,165,62,22,94,20.6,0.28,38
2,126,55,41,181,27.5,0.471,44
2,100,59,29,45,28.1,0.287,47
3,126,73,19,49,31.3,0.733,34
2,132,86,17,97,33.5,0.518,18
3,90,62,20,136,25.3,0.623,28
5,136,74,44,37,28.1,0.436,31
5,80,61,12,70,20.4,0.723,18
2,154,84,32,80,36.9,0.262,33
2,150,54,28,77,37.6,0.376,41
1,110,80,16,36,26.8,0.222,25
2,136,73,15,51,28.9,0.488,42
3,106,62,32,214,29.5,0.207,46
2,123,64,32,136,34.2,0.856,29
1,127,70,19,41,35.3,0.338,29
5,117,76,22,73,27.1,0.478,46
3,122,75,14,83,23.5,0.466,46
0,109,87,29,99,25.4,0.17,45
4,149,71,11,231,31.0,0.799,41
3,133,89,30,130,34.0,0.359,47
1,82,65,19,211,36.2,0.612,39
2,110,81,30,63,41.4,0.231,22
1,140,62,17,136,30.8,0.249,23
0,125,87,21,74,30.3,0.837,18
1,95,56,18,54,27.2,0.97,34
3,64,72,26,151,29.9,0.35,38
3,177,63,27,76,31.3,0.364,30
1,127,65,22,135,28.0,0.789,45
1,156,71,19,36,24.6,0.521,28
1,114,74,22,77,31.1,0.696,28
6,156,59,39,109,35.3,0.369,49
2,78,90,12,55,31.2,1.725,46
2,185,50,17,38,27.4,0.565,34
2,84,75,23,26,31.6,0.326,18
2,115,63,18,89,24.8,0.468,48
3,136,72,22,139,35.6,0.316,18
1,112,74,22,119,30.7,0.412,44
3,125,73,32,145,29.0,0.476,49
1,119,101,23,45,31.6,0.357,25
2,93,55,12,85,25.6,0.21,23
1,96,73,24,47,24.2,0.235,25
2,86,79,23,72,26.4,0.455,49
0,134,88,32,120,33.3,0.296,34
4,103,59,18,81,33.7,0.237,18
1,88,83,27,190,38.2,0.95,36
0,126,63,19,56,43.2,0.111,25
5,84,70,21,54,25.8,1.526,18
1,123,92,38,46,38.6,0.216,36
1,70,96,27,72,35.2,0.211,31
3,103,81,22,78,40.9,0.583,56
1,68,75,22,63,30.5,0.324,39
3,149,62,21,256,38.3,0.991,18
2,152,96,26,197,29.6,0.515,49
2,113,82,27,235,42.7,0.737,31
4,106,88,43,48,23.7,0.525,35
3,151,73,41,96,30.5,0.553,28
3,97,81,22,90,23.3,0.703,39
2,124,58,41,66,44.3,0.251,18
1,127,74,26,195,29.8,1.112,37
2,116,74,20,42,39.2,0.151,38
5,127,86,27,133,36.9,0.388,34
2,80,87,21,64,31.5,0.642,30
6,97,83,13,104,32.8,0.525,34
3,141,63,35,74,29.3,0.427,38
4,147,72,11,57,26.6,0.735,50
2,135,68,25,196,39.6,0.416,19
4,105,66,15,60,39.9,0.299,35
1,99,79,11,92,30.2,0.456,35
4,128,76,15,114,25.3,0.542,31
1,153,71,11,85,36.2,1.032,29
2,174,70,20,126,36.9,0.366,58
2,133,69,33,46,28.7,1.071,26
4,113,64,28,96,29.1,0.329,18
0,128,73,37,125,41.9,0.514,40
1,134,83,34,98,32.3,0.507,41
1,142,68,27,68,19.1,0.98,25
2,123,72,28,195,25.2,0.442,46
4,87,82,26,103,29.5,0.705,31
2,115,87,28,62,40.3,0.515,30
3,86,92,24,86,37.7,0.632,31
1,108,81,38,82,28.5,0.631,25
3,171,73,37,154,28.3,1.215,22
1,73,66,22,83,26.3,0.41,25
3,115,61,27,74,29.7,0.4,45
1,156,70,23,46,24.2,1.273,53
3,177,85,19,119,35.9,0.398,27
0,114,75,27,142,31.6,0.752,35
3,177,73,16,400,27.2,0.294,32
0,148,76,31,43,18.6,0.219,29
2,84,78,19,400,29.5,0.311,39
3,97,74,22,32,41.4,0.327,18
1,74,69,32,64,29.3,0.376,39
0,171,50,21,61,39.0,0.199,25
1,124,55,33,47,35.1,0.356,20
2,150,85,6,91,38.9,0.345,30
1,111,85,29,36,35.3,0.816,28
2,109,56,45,54,35.7,0.795,30
1,182,52,21,83,25.6,0.271,29
1,130,62,27,41,35.9,0.55,25
5,125,58,15,32,28.5,0.755,55
6,98,81,21,111,24.1,0.344,18
1,109,85,23,62,27.4,0.267,24
4,81,65,25,67,29.6,0.402,31
1,94,71,20,66,31.3,0.493,45
5,88,75,23,110,33.6,0.526,55
0,118,71,18,62,26.7,0.611,18
1,145,86,25,400,28.4,0.468,30
3,133,74,39,84,21.7,0.606,42
2,85,76,20,66,32.7,0.4,31
2,96,66,23,125,21.8,0.559,25
2,97,85,29,238,21.3,0.241,21
1,100,70,22,42,26.1,0.735,37
3,78,86,18,118,28.1,0.592,31
3,131,91,31,182,37.9,0.664,31
0,111,66,12,90,28.4,0.598,21
4,79,71,16,185,36.6,0.121,32
1,122,52,15,120,22.0,1.011,38
1,128,65,27,88,19.4,0.798,18
3,115,84,28,84,28.5,0.845,54
4,130,74,19,122,31.4,0.751,40
3,145,64,24,116,29.0,0.393,18
2,86,76,23,133,32.4,0.947,36
7,69,94,28,129,34.4,0.391,24
3,105,79,27,73,23.8,0.583,37
1,138,94,25,72,41.3,0.335,28
2,77,65,25,37,28.8,0.365,31
0,140,59,35,57,28.3,0.684,36
1,112,77,22,84,21.2,0.175,33
2,135,84,24,32,31.8,0.348,39
3,104,85,28,37,23.6,0.48,29
1,99,68,13,77,37.0,0.474,36
2,155,80,12,84,24.3,0.961,26
0,73,60,33,112,40.8,0.301,33
6,126,61,10,180,39.7,0.64,42
5,86,60,30,127,29.4,0.217,44
3,132,61,12,111,25.8,0.618,30
7,174,81,21,85,21.9,0.438,44
4,111,97,32,75,34.3,0.209,27
1,193,71,38,213,31.9,0.128,40
3,129,59,20,55,30.5,0.312,23
2,104,71,37,244,18.9,0.409,52
4,137,53,20,83,17.5,0.95,40
3,110,75,19,35,31.8,0.248,22
2,117,70,24,60,34.2,0.44,34
0,135,56,25,74,28.0,0.401,29
3,88,40,43,110,23.3,0.586,52
0,100,55,30,185,37.4,0.532,26
1,113,77,20,69,30.7,0.597,41
3,138,53,21,94,25.5,0.556,49
3,123,95,20,88,32.3,0.613,18
3,155,69,37,50,30.3,0.442,22
3,102,88,21,75,35.0,0.484,41
2,160,68,41,207,30.7,0.383,31
7,134,60,16,43,17.2,0.668,29
3,113,52,25,108,32.7,0.938,35
2,103,63,12,32,34.9,0.672,48
2,140,83,33,83,30.9,0.864,39
1,121,69,32,90,30.0,1.364,26
5,130,71,29,67,40.1,0.621,27
3,110,63,35,73,26.8,0.128,32
4,54,58,28,182,18.9,0.679,36
5,117,67,19,36,23.5,0.447,45
3,119,62,28,54,35.5,0.214,45
2,104,92,30,122,45.2,0.438,34
0,150,60,22,72,28.6,0.57,34
0,92,83,34,167,24.6,0.455,35
2,94,51,18,282,37.5,0.477,39
4,104,62,22,160,22.7,0.401,37
0,123,68,27,130,25.8,0.427,25
0,121,56,29,59,36.8,0.252,54
2,146,88,26,35,38.1,0.353,27
3,136,80,36,75,26.6,0.548,46
1,137,73,33,190,28.0,0.813,47
2,107,77,29,95,28.4,0.382,35
1,100,72,32,96,38.5,0.532,18
3,151,70,28,173,33.2,0.311,46
3,132,88,19,147,34.3,0.717,18
4,112,74,28,141,43.6,0.472,25
5,81,67,19,247,28.2,0.285,50
1,157,63,28,41,42.6,0.756,35
1,91,64,35,78,34.4,0.388,33
3,110,68,28,96,17.0,0.733,25
4,139,68,22,284,28.5,0.455,35
3,163,67,20,70,29.7,0.364,45
6,73,74,24,176,35.2,0.503,29
1,104,59,18,32,24.4,0.381,45
1,102,81,30,118,36.1,0.514,30
6,109,88,21,184,36.9,0.487,20
4,155,74,29,77,44.5,0.525,37
5,122,80,26,154,35.2,0.218,51
0,54,88,20,93,34.0,0.717,43
1,82,79,25,151,35.6,0.269,37
5,147,64,18,150,28.3,0.652,39
3,104,65,24,41,40.3,0.484,22
2,151,78,33,176,29.2,0.564,31
3,154,72,37,154,30.9,0.612,39
2,124,71,23,51,25.5,0.435,46
4,58,93,33,89,31.5,0.465,27
2,100,85,18,170,32.9,0.231,49
4,130,73,29,138,30.9,0.871,26
0,81,52,44,54,27.6,0.364,46
6,111,84,14,53,21.7,0.578,37
1,71,84,24,136,35.4,0.481,29
2,125,66,28,127,34.7,0.316,29
3,161,84,23,119,33.4,0.287,37
2,144,66,16,101,32.4,0.468,18
2,137,68,23,102,34.6,1.002,41
0,127,71,36,158,41.4,0.499,18
4,136,69,41,160,28.8,0.576,42
2,122,60,26,107,41.6,0.211,44
1,82,63,18,126,25.1,0.588,39
1,104,81,5,68,38.0,0.508,26
4,135,91,23,79,38.1,0.397,18
5,86,50,5,66,21.8,0.373,22
5,89,65,22,61,18.6,0.376,53
1,86,79,21,82,27.6,0.659,20
2,113,88,24,53,27.3,0.234,24
3,75,79,25,102,30.9,0.46,30
0,86,59,20,54,35.2,0.37,33
3,171,66,20,111,34.2,0.207,35
4,98,86,23,68,36.9,0.395,21
3,98,97,23,53,40.3,0.433,18
5,109,52,23,177,31.0,0.568,36
1,130,74,29,185,36.0,0.343,28
2,109,75,11,53,27.3,0.721,29
1,130,75,22,51,25.1,0.506,38
0,53,64,14,102,22.1,0.369,44
1,112,76,28,77,28.0,0.306,50
4,126,68,31,83,20.7,0.61,36
3,99,68,26,98,31.0,0.127,23
3,119,71,23,148,37.0,0.357,30
2,161,62,24,58,25.3,0.525,36
5,70,48,28,92,29.8,0.239,40
3,129,84,17,136,28.0,0.653,36
2,152,70,42,130,31.0,0.714,20
4,144,70,37,88,36.4,0.228,21
1,145,91,5,163,33.7,0.33,23
2,136,68,27,32,42.4,0.662,28
3,115,71,29,79,34.0,0.554,50
5,157,74,19,165,27.4,0.424,46
2,193,73,35,33,29.4,0.241,36
2,140,58,15,130,21.2,0.344,49
0,114,76,24,229,32.6,0.653,29
1,106,90,22,64,41.1,0.188,37
3,96,75,30,69,34.5,0.33,42
2,162,71,10,308,36.0,0.759,35
2,123,70,31,59,43.0,0.416,24
4,124,55,34,45,25.7,0.365,24
2,82,58,33,269,43.3,0.359,38
4,113,68,27,135,33.0,0.853,38
3,170,72,23,201,25.1,0.303,37
4,173,81,17,111,24.8,0.445,45
1,192,70,19,139,36.8,0.432,42
5,143,71,23,23,17.8,0.355,41
2,122,84,33,75,36.7,0.589,25
3,161,46,34,92,32.3,0.186,44
1,62,78,13,66,32.7,0.651,28
0,77,84,30,56,33.4,0.341,42
5,146,61,24,73,41.3,0.29,40
2,73,74,16,72,31.9,0.415,18
4,69,58,24,74,35.3,0.566,49
4,101,67,28,88,30.9,0.504,29
1,145,85,24,112,23.0,0.374,40
3,152,72,20,58,29.6,0.93,44
6,111,70,25,123,39.4,0.337,32
1,145,57,21,62,35.2,0.517,32
7,112,89,26,62,32.5,0.363,18
1,94,53,6,51,41.3,0.608,32
2,77,66,33,147,16.1,0.372,31
2,140,44,30,28,33.8,0.44,29
3,114,69,22,121,33.7,0.539,36
2,84,69,25,45,21.3,0.351,32
5,99,84,14,58,31.1,0.283,32
3,65,64,27,116,38.2,0.477,57
3,138,51,22,55,32.4,0.687,22
6,154,80,15,100,19.6,1.154,42
4,165,71,12,83,30.9,0.272,25
6,106,68,31,68,22.0,0.339,29
4,68,70,28,215,32.2,0.319,27
1,118,71,33,70,24.8,0.313,32
1,77,64,10,144,41.1,0.775,18
3,188,81,22,49,42.4,0.44,54
2,141,88,28,41,21.1,0.484,46
1,141,69,27,214,23.2,0.204,38
4,162,83,18,108,23.4,0.454,21
3,78,66,25,117,26.9,0.317,40
3,126,61,30,239,31.1,0.404,18
4,109,72,27,62,45.6,0.325,49
5,105,82,36,140,39.2,0.612,18
0,156,74,30,41,30.7,0.556,38
3,199,50,30,59,22.6,0.776,34
3,133,58,12,51,39.5,0.341,40
1,85,80,31,37,26.7,0.432,40
3,86,77,20,107,28.5,0.587,18
1,61,95,21,109,27.3,1.453,18
3,95,67,19,112,26.5,0.532,19
2,84,66,14,148,22.6,1.128,41
4,113,57,16,117,27.6,0.53,21
1,73,69,27,81,32.8,0.756,38
1,96,85,11,50,43.5,0.331,19
1,137,48,17,68,31.4,0.296,31
5,121,62,16,87,38.9,0.377,19
0,114,84,31,75,32.0,0.558,29
3,110,52,25,123,46.4,0.527,36
2,153,68,11,229,24.6,0.694,18
1,133,79,40,107,29.3,0.665,48
2,158,54,24,80,19.8,0.204,33
1,128,48,11,110,29.7,0.351,18
2,101,77,23,169,32.6,0.245,30
2,136,61,22,71,35.3,0.578,35
3,85,90,30,91,40.9,0.206,45
4,117,69,24,149,33.5,0.322,39
4,106,71,34,74,25.3,0.254,34
2,115,76,36,145,28.7,0.567,46
1,111,98,15,134,43.5,0.446,20
2,156,66,21,62,29.0,0.31,29
1,117,55,16,110,33.2,0.438,33
4,117,96,14,195,31.4,0.648,18
3,135,74,32,143,30.3,0.265,18
2,78,77,25,45,23.0,0.498,29
2,124,64,6,65,27.9,0.41,41
5,172,86,19,246,20.8,0.197,26
0,50,59,22,126,32.0,0.461,31
3,114,102,31,116,40.4,0.42,28
1,166,53,18,98,30.9,0.54,38
2,150,56,24,69,30.4,0.427,22
1,90,96,39,81,31.5,0.419,27
1,148,64,17,46,34.7,1.119,22
1,134,75,16,63,33.7,0.518,18
0,60,73,19,52,19.8,0.199,30
1,113,65,26,102,39.4,0.346,40
7,135,77,28,41,31.5,0.495,31
1,126,54,23,74,20.7,0.198,23
1,102,65,31,149,31.6,0.286,28
2,120,40,30,70,38.3,0.808,18
1,133,56,14,69,22.8,0.657,33
1,97,65,19,104,37.2,0.336,33
6,130,99,36,91,36.2,0.422,37
2,98,67,26,153,45.8,0.315,34
2,160,87,41,74,27.9,0.793,31
5,98,53,26,73,19.7,0.589,18
3,172,58,25,24,35.9,0.422,37
1,122,87,25,60,42.9,0.738,38
2,65,75,25,49,29.9,0.224,31
3,115,59,31,56,23.4,0.189,48
2,76,69,25,114,30.4,0.451,21
3,151,81,41,43,32.9,0.221,27
1,89,75,26,45,34.2,0.643,29
2,129,63,6,86,32.8,1.37,44
3,133,84,31,131,35.8,0.146,18
1,140,76,28,224,27.0,0.624,23
4,135,60,14,49,38.7,0.938,39
4,99,76,28,22,31.1,0.458,29
3,120,62,24,48,31.2,0.246,38
2,50,68,15,234,35.6,0.208,49
1,97,76,29,154,34.6,1.485,23
2,126,75,29,49,26.9,0.165,20
3,141,75,20,52,26.8,0.665,27
5,111,70,31,36,33.5,0.458,18
6,50,77,30,75,27.9,0.433,36
0,89,70,27,106,26.3,0.416,30
1,150,94,24,83,34.4,0.24,33
0,98,58,22,48,38.5,0.305,44
2,118,76,33,97,29.3,0.886,51
3,120,88,13,112,29.5,0.39,55
2,172,69,21,85,29.3,0.445,35
2,126,68,26,53,25.4,0.453,36
2,164,75,25,238,37.3,0.498,26
4,109,84,24,72,36.4,0.863,21
3,151,79,26,140,33.5,0.427,23
0,93,75,29,34,33.2,0.43,37
2,130,66,36,139,28.0,0.492,24
4,154,77,22,88,28.9,0.383,43
0,180,67,20,210,26.8,0.317,18
1,92,57,26,69,37.7,0.638,48
1,146,82,42,57,35.8,0.351,30
1,102,85,29,63,32.3,0.428,30
3,129,79,14,38,35.1,0.4,40
3,141,76,27,65,40.9,0.518,44
2,95,77,14,222,32.4,0.396,33
1,92,63,27,59,36.2,1.107,32
3,116,52,7,51,34.5,0.489,63
1,119,64,38,132,39.3,0.328,32
0,167,67,31,44,32.3,0.862,21
2,118,70,39,65,36.1,0.463,34
3,102,69,15,57,32.1,0.51,43
0,101,73,32,52,39.9,0.52,18
2,99,71,25,44,42.9,0.648,43
1,135,90,22,108,21.4,0.286,39
5,113,92,27,80,26.8,0.372,36
2,99,56,27,80,29.9,0.618,18
5,107,79,22,87,38.0,0.853,56
3,111,94,22,224,36.6,0.412,36
3,90,87,30,53,23.3,0.279,49
1,175,78,21,103,34.9,0.851,18
4,140,85,23,15,21.3,0.293,32
3,62,70,25,19,27.6,0.36,34
5,134,59,23,50,34.3,0.405,18
3,199,63,22,203,36.1,0.549,28
3,110,83,30,100,38.8,0.798,33
1,115,55,27,96,35.0,0.601,35
4,118,71,34,132,34.3,0.476,34
3,119,77,21,60,26.3,0.343,19
4,120,86,35,84,35.5,0.575,34
1,125,57,25,37,24.6,0.408,30
1,173,49,29,33,41.7,0.489,43
3,124,81,26,89,34.5,0.479,37
1,164,52,19,34,28.7,0.391,40
1,112,73,19,78,29.2,0.914,45
2,129,61,21,97,39.3,0.537,22
4,115,66,28,64,18.1,0.299,23
2,155,84,18,31,40.2,0.402,18
3,61,65,34,108,20.8,0.694,42
2,106,96,16,117,35.3,0.408,25
1,125,61,31,51,31.1,0.639,38
2,145,62,5,88,34.8,0.672,52
1,125,68,32,186,42.4,0.372,44
1,151,70,16,118,31.0,0.205,39
0,111,47,27,73,36.6,0.321,34
2,140,67,26,50,37.7,0.664,38
3,90,74,44,134,37.1,0.303,38
1,201,82,28,104,27.5,0.289,28
2,128,86,35,163,35.7,0.358,52
1,122,68,24,85,18.7,0.492,45
1,154,87,29,124,25.8,0.399,37
3,117,74,32,98,34.4,0.896,27
1,127,79,15,46,30.2,0.357,42
2,113,82,18,129,37.9,0.303,25
5,146,77,24,139,23.0,0.459,22
2,191,69,10,57,19.5,0.469,18
4,107,78,21,213,29.3,0.551,27
5,90,78,36,238,26.7,0.701,18
1,68,64,36,55,33.5,0.644,51
1,110,78,33,77,37.3,0.328,44
0,152,65,32,25,27.7,0.882,34
1,125,70,22,137,37.0,0.547,28
1,108,45,40,56,37.0,0.497,31
3,55,72,26,77,31.7,0.362,53
3,143,79,15,211,39.8,0.196,27
2,57,68,25,18,34.0,0.672,36
5,124,66,38,111,24.7,0.372,19
4,102,73,13,92,22.5,0.998,31
3,143,78,15,44,21.1,0.334,36
1,104,82,26,97,34.0,0.891,31
2,103,76,35,92,35.2,0.33,32
1,122,64,22,181,36.3,0.487,33
4,156,74,20,146,36.5,0.363,26
1,101,70,27,50,38.5,0.316,24
6,150,68,22,40,34.9,0.167,38
3,66,57,33,153,33.0,0.464,45
3,133,65,32,37,25.6,0.723,42
2,122,79,23,285,23.2,0.472,37
4,107,69,33,86,39.9,0.656,44
5,125,69,22,90,26.0,0.324,42
5,83,40,30,35,21.7,0.278,30
4,130,79,30,163,25.7,0.674,46
3,86,66,25,267,30.9,0.868,39
3,148,69,13,124,34.8,0.443,58
4,88,69,27,364,28.8,0.451,35
2,121,65,22,173,27.8,0.602,19
1,65,65,30,78,36.2,0.266,33
2,148,86,42,107,41.0,0.281,36
4,66,60,18,30,38.3,0.594,52
1,118,57,31,79,23.2,0.642,36
1,122,90,26,24,31.5,0.332,28
5,138,77,34,155,38.0,0.805,34
2,99,42,18,75,32.1,0.47,28
3,126,79,9,130,26.3,0.604,34
3,112,64,36,99,31.0,0.61,40
4,139,60,26,155,31.8,0.175,27
0,114,92,18,106,30.3,1.208,29
2,121,87,23,138,22.0,0.419,40
2,163,82,21,98,28.0,0.339,49
3,104,51,28,51,31.2,0.287,38
1,151,78,23,72,37.5,0.898,29
0,113,59,17,62,25.3,0.345,40
1,102,68,22,135,22.1,0.479,32
0,127,87,19,65,27.8,0.483,19
3,155,85,13,132,30.6,0.292,24
3,156,75,31,400,21.9,0.385,48
3,52,65,32,106,43.5,0.623,34
1,95,78,26,84,29.4,0.247,25
4,109,79,27,72,31.6,0.243,33
2,135,91,19,165,33.3,0.314,18
5,122,70,38,44,36.9,0.425,30
1,97,78,18,45,39.4,0.29,41
